{
  "integrations": [
    {
      "id": "6a9d2229-1858-4667-9c2a-43e013e4cfa6",
      "name": "Update Zabbix",
      "action": "SEND_TO_IA",
      "type": "OUTBOUND_WEBHOOK",
      "triggeredBy": "RESPONSE",
      "integrationServiceName": "zabbix",
      "deployed": true,
      "form": "4496bd70-273b-4e9d-a544-4b2028ce6fa4",
      "environment": "ONPREMISE"
    },
    {
      "id": "7ddd0724-773c-4896-b8d6-955417734b65",
      "name": "Zabbix Inbound",
      "action": "CREATE_EVENT",
      "type": "INBOUND_WEBHOOK",
      "deployed": true,
      "form": "4496bd70-273b-4e9d-a544-4b2028ce6fa4",
      "script": "var data = JSON.parse(request.body);\nform.post(data);",
      "environment": "HOSTED"
    }
  ],
  "endpoints": [],
  "constants": []
}